Year,Data
1970,0.0
1971,0.0
1972,0.0
1973,0.0
1974,0.0
1975,0.0
1976,0.0
1977,0.0
1978,0.0
1979,0.0
1980,0.0
1981,0.0
1982,0.0
1983,0.0
1984,0.0
1985,0.0
1986,0.0
1987,0.0
1988,14.92286
1989,44.01727
1990,93.99076
1991,100.7955
1992,133.27829
1993,90.18327
1994,180.26561
1995,211.36686
1996,211.9151
1997,213.10029
1998,212.61444
1999,191.37518
2000,175.38177
2001,163.32752
2002,131.07689
2003,128.74605
2004,151.96014
2005,152.55148
2006,162.68061
2007,199.7331
2008,202.41009
2009,239.40683
