MSN,Year,Data
REPRB,2009,88571.38442
RETCB,2009,103493.2854
ROPRB,2009,80947.77167999999
TEPRB,2009,570994.0459
TETCB,2009,1454313.457
TPOPP,2009,6587.653
