MSN,Year,Data
REPRB,2009,33785.17435
RETCB,2009,35635.38371
ROPRB,2009,29973.367980000006
TPOPP,2009,2007.315
