Year,Data
1970,0.0
1971,0.0
1972,0.0
1973,0.0
1974,0.0
1975,0.0
1976,0.0
1977,0.0
1978,0.0
1979,0.0
1980,0.0
1981,0.0
1982,0.0
1983,0.0
1984,0.0
1985,0.65241
1986,0.64781
1987,0.81666
1988,0.77341
1989,0.85251
1990,0.71875
1991,0.70101
1992,0.54713
1993,0.57735
1994,0.57023
1995,0.48909
1996,0.48986
1997,0.49209
1998,0.46892
1999,0.45184
2000,0.44096
2001,0.46104
2002,0.42172
2003,0.4194
2004,0.44546
2005,0.5491699999999999
2006,0.62559
2007,0.56602
2008,0.5565
2009,0.59241
