Year,Data
1970,0.0
1971,0.0
1972,0.0
1973,0.0
1974,0.0
1975,0.0
1976,0.0
1977,0.0
1978,0.0
1979,0.0
1980,0.0
1981,0.0
1982,0.0
1983,0.0
1984,0.0
1985,0.0
1986,0.0
1987,0.0
1988,0.37121
1989,0.41635
1990,0.56006
1991,0.48557
1992,0.5196
1993,0.69201
1994,0.5999899999999999
1995,0.5564600000000001
1996,0.56412
1997,0.5435800000000001
1998,0.52388
1999,0.49819
2000,0.44778
2001,0.40982
2002,0.35243
2003,0.36948
2004,0.36042
2005,0.38234
2006,0.37777
2007,0.46513
2008,0.47545
2009,0.55155
